<?xml version="1.0" encoding="UTF-8"?>
<MOODLE_BACKUP>
  <INFO>
    <NAME>_eiae_i_eiau_eoai_-korat-lms-_20080409-1953.zip</NAME>
    <MOODLE_VERSION>2005060201</MOODLE_VERSION>
    <MOODLE_RELEASE>1.5 +</MOODLE_RELEASE>
    <BACKUP_VERSION>2005060300</BACKUP_VERSION>
    <BACKUP_RELEASE>1.5</BACKUP_RELEASE>
    <DATE>1207742027</DATE>
    <ORIGINAL_WWWROOT>http://korat-lms</ORIGINAL_WWWROOT>
    <ZIP_METHOD>internal</ZIP_METHOD>
    <DETAILS>
      <MOD>
        <NAME>assignment</NAME>
        <INCLUDED>true</INCLUDED>
        <USERINFO>true</USERINFO>
      </MOD>
      <MOD>
        <NAME>chat</NAME>
        <INCLUDED>true</INCLUDED>
        <USERINFO>true</USERINFO>
      </MOD>
      <MOD>
        <NAME>choice</NAME>
        <INCLUDED>true</INCLUDED>
        <USERINFO>true</USERINFO>
      </MOD>
      <MOD>
        <NAME>forum</NAME>
        <INCLUDED>true</INCLUDED>
        <USERINFO>true</USERINFO>
      </MOD>
      <MOD>
        <NAME>glossary</NAME>
        <INCLUDED>true</INCLUDED>
        <USERINFO>true</USERINFO>
      </MOD>
      <MOD>
        <NAME>hotpot</NAME>
        <INCLUDED>true</INCLUDED>
        <USERINFO>true</USERINFO>
      </MOD>
      <MOD>
        <NAME>journal</NAME>
        <INCLUDED>true</INCLUDED>
        <USERINFO>true</USERINFO>
      </MOD>
      <MOD>
        <NAME>label</NAME>
        <INCLUDED>true</INCLUDED>
        <USERINFO>true</USERINFO>
      </MOD>
      <MOD>
        <NAME>lesson</NAME>
        <INCLUDED>true</INCLUDED>
        <USERINFO>true</USERINFO>
      </MOD>
      <MOD>
        <NAME>quiz</NAME>
        <INCLUDED>true</INCLUDED>
        <USERINFO>true</USERINFO>
      </MOD>
      <MOD>
        <NAME>resource</NAME>
        <INCLUDED>true</INCLUDED>
        <USERINFO>true</USERINFO>
      </MOD>
      <MOD>
        <NAME>scorm</NAME>
        <INCLUDED>true</INCLUDED>
        <USERINFO>true</USERINFO>
      </MOD>
      <MOD>
        <NAME>survey</NAME>
        <INCLUDED>true</INCLUDED>
        <USERINFO>true</USERINFO>
      </MOD>
      <MOD>
        <NAME>wiki</NAME>
        <INCLUDED>true</INCLUDED>
        <USERINFO>true</USERINFO>
      </MOD>
      <MOD>
        <NAME>workshop</NAME>
        <INCLUDED>true</INCLUDED>
        <USERINFO>true</USERINFO>
      </MOD>
      <METACOURSE>true</METACOURSE>
      <USERS>course</USERS>
      <LOGS>false</LOGS>
      <USERFILES>true</USERFILES>
      <COURSEFILES>true</COURSEFILES>
      <MESSAGES>true</MESSAGES>
      <BLOCKFORMAT>instances</BLOCKFORMAT>
    </DETAILS>
  </INFO>
  <COURSE>
    <HEADER>
      <ID>1</ID>
      <PASSWORD></PASSWORD>
      <FULLNAME>Korat E-learning System</FULLNAME>
      <SHORTNAME>korat-lms</SHORTNAME>
      <IDNUMBER></IDNUMBER>
      <SUMMARY>&lt;p&gt;ÂÔ¹´ÕµéÍ¹ÃÑº ÊÙèÃÐººáÅÐ¡ÒÃ·´ÊÍº E-learning&lt;br /&gt;All system is installed at Korat Plant&lt;br /&gt;&lt;/p&gt;&lt;p&gt;Specific:&lt;br /&gt;O/S :Windows XP&lt;br /&gt;WebService:Apache2&lt;br /&gt;Programming:PHP&lt;br /&gt;DB:Mysql&lt;br /&gt;LMS:Moodle 1.5+&lt;/p&gt;</SUMMARY>
      <FORMAT>social</FORMAT>
      <SHOWGRADES>1</SHOWGRADES>
      <NEWSITEMS>3</NEWSITEMS>
      <TEACHER>ÍÒ¨ÒÃÂì</TEACHER>
      <TEACHERS>ÍÒ¨ÒÃÂì</TEACHERS>
      <STUDENT>¹Ñ¡àÃÕÂ¹</STUDENT>
      <STUDENTS>¹Ñ¡àÃÕÂ¹</STUDENTS>
      <GUEST>0</GUEST>
      <STARTDATE>0</STARTDATE>
      <ENROLPERIOD>0</ENROLPERIOD>
      <NUMSECTIONS>0</NUMSECTIONS>
      <MAXBYTES>0</MAXBYTES>
      <SHOWREPORTS>0</SHOWREPORTS>
      <GROUPMODE>0</GROUPMODE>
      <GROUPMODEFORCE>0</GROUPMODEFORCE>
      <LANG></LANG>
      <THEME></THEME>
      <COST></COST>
      <MARKER>0</MARKER>
      <VISIBLE>1</VISIBLE>
      <HIDDENSECTIONS>0</HIDDENSECTIONS>
      <TIMECREATED>0</TIMECREATED>
      <TIMEMODIFIED>1207630267</TIMEMODIFIED>
      <METACOURSE>0</METACOURSE>
    </HEADER>
    <BLOCKS>
      <BLOCK>
        <NAME>site_main_menu</NAME>
        <PAGEID>1</PAGEID>
        <PAGETYPE>course-view</PAGETYPE>
        <POSITION>l</POSITION>
        <WEIGHT>0</WEIGHT>
        <VISIBLE>1</VISIBLE>
        <CONFIGDATA></CONFIGDATA>
      </BLOCK>
      <BLOCK>
        <NAME>admin</NAME>
        <PAGEID>1</PAGEID>
        <PAGETYPE>course-view</PAGETYPE>
        <POSITION>l</POSITION>
        <WEIGHT>1</WEIGHT>
        <VISIBLE>1</VISIBLE>
        <CONFIGDATA></CONFIGDATA>
      </BLOCK>
      <BLOCK>
        <NAME>course_list</NAME>
        <PAGEID>1</PAGEID>
        <PAGETYPE>course-view</PAGETYPE>
        <POSITION>l</POSITION>
        <WEIGHT>2</WEIGHT>
        <VISIBLE>1</VISIBLE>
        <CONFIGDATA></CONFIGDATA>
      </BLOCK>
      <BLOCK>
        <NAME>course_summary</NAME>
        <PAGEID>1</PAGEID>
        <PAGETYPE>course-view</PAGETYPE>
        <POSITION>r</POSITION>
        <WEIGHT>0</WEIGHT>
        <VISIBLE>1</VISIBLE>
        <CONFIGDATA></CONFIGDATA>
      </BLOCK>
      <BLOCK>
        <NAME>calendar_month</NAME>
        <PAGEID>1</PAGEID>
        <PAGETYPE>course-view</PAGETYPE>
        <POSITION>r</POSITION>
        <WEIGHT>1</WEIGHT>
        <VISIBLE>1</VISIBLE>
        <CONFIGDATA></CONFIGDATA>
      </BLOCK>
    </BLOCKS>
    <SECTIONS>
      <SECTION>
        <ID>1</ID>
        <NUMBER>0</NUMBER>
        <SUMMARY></SUMMARY>
        <VISIBLE>1</VISIBLE>
        <MODS>
          <MOD>
            <ID>1</ID>
            <TYPE>forum</TYPE>
            <INSTANCE>1</INSTANCE>
            <ADDED>1207629908</ADDED>
            <DELETED></DELETED>
            <SCORE>0</SCORE>
            <INDENT>0</INDENT>
            <VISIBLE>1</VISIBLE>
            <GROUPMODE>0</GROUPMODE>
          </MOD>
        </MODS>
      </SECTION>
    </SECTIONS>
    <USERS>
      <USER>
        <ID>2</ID>
        <AUTH>manual</AUTH>
        <GUID></GUID>
        <CONFIRMED>1</CONFIRMED>
        <POLICYAGREED>0</POLICYAGREED>
        <DELETED>0</DELETED>
        <USERNAME>admin</USERNAME>
        <PASSWORD>69bec4e79a8330b2842c2d4e25e03bd0</PASSWORD>
        <IDNUMBER></IDNUMBER>
        <FIRSTNAME>krishna</FIRSTNAME>
        <LASTNAME>yingrum</LASTNAME>
        <EMAIL>krishna.yingrum@bench.com</EMAIL>
        <EMAILSTOP>0</EMAILSTOP>
        <ICQ></ICQ>
        <SKYPE></SKYPE>
        <YAHOO></YAHOO>
        <AIM></AIM>
        <MSN></MSN>
        <PHONE1></PHONE1>
        <PHONE2></PHONE2>
        <INSTITUTION></INSTITUTION>
        <DEPARTMENT></DEPARTMENT>
        <ADDRESS></ADDRESS>
        <CITY>¹¤ÃÃÒªÊÕÁÒ</CITY>
        <COUNTRY>TH</COUNTRY>
        <LANG>th</LANG>
        <THEME></THEME>
        <TIMEZONE>99</TIMEZONE>
        <FIRSTACCESS>0</FIRSTACCESS>
        <LASTACCESS>1207741997</LASTACCESS>
        <LASTLOGIN>1207728254</LASTLOGIN>
        <CURRENTLOGIN>1207740729</CURRENTLOGIN>
        <LASTIP>167.67.150.62</LASTIP>
        <SECRET></SECRET>
        <PICTURE></PICTURE>
        <URL></URL>
        <DESCRIPTION></DESCRIPTION>
        <MAILFORMAT>1</MAILFORMAT>
        <MAILDIGEST>1</MAILDIGEST>
        <MAILDISPLAY>1</MAILDISPLAY>
        <HTMLEDITOR>1</HTMLEDITOR>
        <AUTOSUBSCRIBE>1</AUTOSUBSCRIBE>
        <TRACKFORUMS>0</TRACKFORUMS>
        <TIMEMODIFIED>1207629905</TIMEMODIFIED>
        <ROLES>
          <ROLE>
            <TYPE>admin</TYPE>
          </ROLE>
          <ROLE>
            <TYPE>teacher</TYPE>
            <AUTHORITY>1</AUTHORITY>
            <TEA_ROLE></TEA_ROLE>
            <EDITALL>1</EDITALL>
            <TIMESTART>0</TIMESTART>
            <TIMEEND>0</TIMEEND>
            <TIMEMODIFIED>0</TIMEMODIFIED>
            <TIMEACCESS>0</TIMEACCESS>
            <ENROL></ENROL>
          </ROLE>
        </ROLES>
        <USER_PREFERENCES>
          <USER_PREFERENCE>
            <NAME>email_bounce_count</NAME>
            <VALUE>1</VALUE>
          </USER_PREFERENCE>
          <USER_PREFERENCE>
            <NAME>email_send_count</NAME>
            <VALUE>1</VALUE>
          </USER_PREFERENCE>
          <USER_PREFERENCE>
            <NAME>resource_parametersettingspref</NAME>
            <VALUE>0</VALUE>
          </USER_PREFERENCE>
          <USER_PREFERENCE>
            <NAME>resource_windowsettingspref</NAME>
            <VALUE>1</VALUE>
          </USER_PREFERENCE>
        </USER_PREFERENCES>
      </USER>
    </USERS>
    <GRADEBOOK>
    </GRADEBOOK>
    <MODULES>
      <MOD>
        <ID>1</ID>
        <MODTYPE>forum</MODTYPE>
        <TYPE>news</TYPE>
        <NAME>¢èÒÇáÅÐ»ÃÐ¡ÒÈ</NAME>
        <INTRO>¢èÒÇáÅÐ»ÃÐ¡ÒÈ</INTRO>
        <OPEN>1</OPEN>
        <ASSESSED>0</ASSESSED>
        <ASSESSPUBLIC>0</ASSESSPUBLIC>
        <ASSESSTIMESTART>0</ASSESSTIMESTART>
        <ASSESSTIMEFINISH>0</ASSESSTIMEFINISH>
        <MAXBYTES>0</MAXBYTES>
        <SCALE>0</SCALE>
        <FORCESUBSCRIBE>0</FORCESUBSCRIBE>
        <TRACKINGTYPE>1</TRACKINGTYPE>
        <RSSTYPE>0</RSSTYPE>
        <RSSARTICLES>0</RSSARTICLES>
        <TIMEMODIFIED>1207629908</TIMEMODIFIED>
      </MOD>
    </MODULES>
  </COURSE>
</MOODLE_BACKUP>
