<?xml version="1.0" encoding="UTF-8"?>
<MOODLE_BACKUP>
  <INFO>
    <NAME>_eiae_i_eiau_eoai_-mis001-_20080411-1152.zip</NAME>
    <MOODLE_VERSION>2005060201</MOODLE_VERSION>
    <MOODLE_RELEASE>1.5 +</MOODLE_RELEASE>
    <BACKUP_VERSION>2005060300</BACKUP_VERSION>
    <BACKUP_RELEASE>1.5</BACKUP_RELEASE>
    <DATE>1207885928</DATE>
    <ORIGINAL_WWWROOT>http://korat-lms</ORIGINAL_WWWROOT>
    <ZIP_METHOD>internal</ZIP_METHOD>
    <DETAILS>
      <MOD>
        <NAME>assignment</NAME>
        <INCLUDED>true</INCLUDED>
        <USERINFO>true</USERINFO>
      </MOD>
      <MOD>
        <NAME>chat</NAME>
        <INCLUDED>true</INCLUDED>
        <USERINFO>true</USERINFO>
      </MOD>
      <MOD>
        <NAME>choice</NAME>
        <INCLUDED>true</INCLUDED>
        <USERINFO>true</USERINFO>
      </MOD>
      <MOD>
        <NAME>forum</NAME>
        <INCLUDED>true</INCLUDED>
        <USERINFO>true</USERINFO>
      </MOD>
      <MOD>
        <NAME>glossary</NAME>
        <INCLUDED>true</INCLUDED>
        <USERINFO>true</USERINFO>
      </MOD>
      <MOD>
        <NAME>hotpot</NAME>
        <INCLUDED>true</INCLUDED>
        <USERINFO>true</USERINFO>
      </MOD>
      <MOD>
        <NAME>journal</NAME>
        <INCLUDED>true</INCLUDED>
        <USERINFO>true</USERINFO>
      </MOD>
      <MOD>
        <NAME>label</NAME>
        <INCLUDED>true</INCLUDED>
        <USERINFO>true</USERINFO>
      </MOD>
      <MOD>
        <NAME>lesson</NAME>
        <INCLUDED>true</INCLUDED>
        <USERINFO>true</USERINFO>
      </MOD>
      <MOD>
        <NAME>quiz</NAME>
        <INCLUDED>true</INCLUDED>
        <USERINFO>true</USERINFO>
      </MOD>
      <MOD>
        <NAME>resource</NAME>
        <INCLUDED>true</INCLUDED>
        <USERINFO>true</USERINFO>
      </MOD>
      <MOD>
        <NAME>scorm</NAME>
        <INCLUDED>true</INCLUDED>
        <USERINFO>true</USERINFO>
      </MOD>
      <MOD>
        <NAME>survey</NAME>
        <INCLUDED>true</INCLUDED>
        <USERINFO>true</USERINFO>
      </MOD>
      <MOD>
        <NAME>wiki</NAME>
        <INCLUDED>true</INCLUDED>
        <USERINFO>true</USERINFO>
      </MOD>
      <MOD>
        <NAME>workshop</NAME>
        <INCLUDED>true</INCLUDED>
        <USERINFO>true</USERINFO>
      </MOD>
      <METACOURSE>true</METACOURSE>
      <USERS>course</USERS>
      <LOGS>false</LOGS>
      <USERFILES>true</USERFILES>
      <COURSEFILES>true</COURSEFILES>
      <MESSAGES>false</MESSAGES>
      <BLOCKFORMAT>instances</BLOCKFORMAT>
    </DETAILS>
  </INFO>
  <COURSE>
    <HEADER>
      <ID>3</ID>
      <CATEGORY>
        <ID>3</ID>
        <NAME>MIS</NAME>
      </CATEGORY>
      <PASSWORD></PASSWORD>
      <FULLNAME>¢éÍÊÍºÇÔªÒÀÒÉÒÍÑ§¡ÄÉ ÊÓËÃÑºµÓáË¹è§à·¤¹Ô¤àªÕÂ¹</FULLNAME>
      <SHORTNAME>MIS001</SHORTNAME>
      <IDNUMBER></IDNUMBER>
      <SUMMARY>&lt;p&gt;¢éÍÊÍº·Õèãªéã¹¡ÒÃÊÍº ÊÓËÃÑºàÅ×Í¡ ¾¹Ñ¡§Ò¹ã¹µÓáË¹è§ MIS Technician&lt;/p&gt;</SUMMARY>
      <FORMAT>topics</FORMAT>
      <SHOWGRADES>1</SHOWGRADES>
      <NEWSITEMS>5</NEWSITEMS>
      <TEACHER>ÍÒ¨ÒÃÂì</TEACHER>
      <TEACHERS>ÍÒ¨ÒÃÂì</TEACHERS>
      <STUDENT>¹Ñ¡àÃÕÂ¹</STUDENT>
      <STUDENTS>¹Ñ¡àÃÕÂ¹</STUDENTS>
      <GUEST>1</GUEST>
      <STARTDATE>1207670400</STARTDATE>
      <ENROLPERIOD>0</ENROLPERIOD>
      <NUMSECTIONS>10</NUMSECTIONS>
      <MAXBYTES>2097152</MAXBYTES>
      <SHOWREPORTS>0</SHOWREPORTS>
      <GROUPMODE>0</GROUPMODE>
      <GROUPMODEFORCE>0</GROUPMODEFORCE>
      <LANG></LANG>
      <THEME></THEME>
      <COST></COST>
      <MARKER>0</MARKER>
      <VISIBLE>1</VISIBLE>
      <HIDDENSECTIONS>0</HIDDENSECTIONS>
      <TIMECREATED>1207645421</TIMECREATED>
      <TIMEMODIFIED>1207645421</TIMEMODIFIED>
      <METACOURSE>0</METACOURSE>
    </HEADER>
    <BLOCKS>
      <BLOCK>
        <NAME>participants</NAME>
        <PAGEID>3</PAGEID>
        <PAGETYPE>course-view</PAGETYPE>
        <POSITION>l</POSITION>
        <WEIGHT>0</WEIGHT>
        <VISIBLE>1</VISIBLE>
        <CONFIGDATA></CONFIGDATA>
      </BLOCK>
      <BLOCK>
        <NAME>activity_modules</NAME>
        <PAGEID>3</PAGEID>
        <PAGETYPE>course-view</PAGETYPE>
        <POSITION>l</POSITION>
        <WEIGHT>1</WEIGHT>
        <VISIBLE>1</VISIBLE>
        <CONFIGDATA></CONFIGDATA>
      </BLOCK>
      <BLOCK>
        <NAME>search_forums</NAME>
        <PAGEID>3</PAGEID>
        <PAGETYPE>course-view</PAGETYPE>
        <POSITION>l</POSITION>
        <WEIGHT>2</WEIGHT>
        <VISIBLE>1</VISIBLE>
        <CONFIGDATA></CONFIGDATA>
      </BLOCK>
      <BLOCK>
        <NAME>admin</NAME>
        <PAGEID>3</PAGEID>
        <PAGETYPE>course-view</PAGETYPE>
        <POSITION>l</POSITION>
        <WEIGHT>3</WEIGHT>
        <VISIBLE>1</VISIBLE>
        <CONFIGDATA></CONFIGDATA>
      </BLOCK>
      <BLOCK>
        <NAME>course_list</NAME>
        <PAGEID>3</PAGEID>
        <PAGETYPE>course-view</PAGETYPE>
        <POSITION>l</POSITION>
        <WEIGHT>4</WEIGHT>
        <VISIBLE>1</VISIBLE>
        <CONFIGDATA></CONFIGDATA>
      </BLOCK>
      <BLOCK>
        <NAME>news_items</NAME>
        <PAGEID>3</PAGEID>
        <PAGETYPE>course-view</PAGETYPE>
        <POSITION>r</POSITION>
        <WEIGHT>0</WEIGHT>
        <VISIBLE>1</VISIBLE>
        <CONFIGDATA></CONFIGDATA>
      </BLOCK>
      <BLOCK>
        <NAME>calendar_upcoming</NAME>
        <PAGEID>3</PAGEID>
        <PAGETYPE>course-view</PAGETYPE>
        <POSITION>r</POSITION>
        <WEIGHT>1</WEIGHT>
        <VISIBLE>1</VISIBLE>
        <CONFIGDATA></CONFIGDATA>
      </BLOCK>
      <BLOCK>
        <NAME>recent_activity</NAME>
        <PAGEID>3</PAGEID>
        <PAGETYPE>course-view</PAGETYPE>
        <POSITION>r</POSITION>
        <WEIGHT>2</WEIGHT>
        <VISIBLE>1</VISIBLE>
        <CONFIGDATA></CONFIGDATA>
      </BLOCK>
    </BLOCKS>
    <SECTIONS>
      <SECTION>
        <ID>23</ID>
        <NUMBER>0</NUMBER>
        <SUMMARY></SUMMARY>
        <VISIBLE>1</VISIBLE>
        <MODS>
          <MOD>
            <ID>24</ID>
            <TYPE>resource</TYPE>
            <INSTANCE>19</INSTANCE>
            <ADDED>1207645970</ADDED>
            <DELETED></DELETED>
            <SCORE>0</SCORE>
            <INDENT>0</INDENT>
            <VISIBLE>1</VISIBLE>
            <GROUPMODE>0</GROUPMODE>
          </MOD>
          <MOD>
            <ID>25</ID>
            <TYPE>forum</TYPE>
            <INSTANCE>7</INSTANCE>
            <ADDED>1207646082</ADDED>
            <DELETED></DELETED>
            <SCORE>0</SCORE>
            <INDENT>0</INDENT>
            <VISIBLE>1</VISIBLE>
            <GROUPMODE>0</GROUPMODE>
          </MOD>
          <MOD>
            <ID>26</ID>
            <TYPE>quiz</TYPE>
            <INSTANCE>2</INSTANCE>
            <ADDED>1207646215</ADDED>
            <DELETED></DELETED>
            <SCORE>0</SCORE>
            <INDENT>0</INDENT>
            <VISIBLE>1</VISIBLE>
            <GROUPMODE>0</GROUPMODE>
          </MOD>
        </MODS>
      </SECTION>
      <SECTION>
        <ID>24</ID>
        <NUMBER>1</NUMBER>
        <SUMMARY></SUMMARY>
        <VISIBLE>1</VISIBLE>
        <MODS>
          <MOD>
            <ID>27</ID>
            <TYPE>resource</TYPE>
            <INSTANCE>20</INSTANCE>
            <ADDED>1207646673</ADDED>
            <DELETED></DELETED>
            <SCORE>0</SCORE>
            <INDENT>0</INDENT>
            <VISIBLE>1</VISIBLE>
            <GROUPMODE>0</GROUPMODE>
          </MOD>
          <MOD>
            <ID>28</ID>
            <TYPE>quiz</TYPE>
            <INSTANCE>3</INSTANCE>
            <ADDED>1207646752</ADDED>
            <DELETED></DELETED>
            <SCORE>0</SCORE>
            <INDENT>0</INDENT>
            <VISIBLE>1</VISIBLE>
            <GROUPMODE>0</GROUPMODE>
          </MOD>
        </MODS>
      </SECTION>
      <SECTION>
        <ID>25</ID>
        <NUMBER>2</NUMBER>
        <SUMMARY></SUMMARY>
        <VISIBLE>1</VISIBLE>
      </SECTION>
      <SECTION>
        <ID>26</ID>
        <NUMBER>3</NUMBER>
        <SUMMARY></SUMMARY>
        <VISIBLE>1</VISIBLE>
      </SECTION>
      <SECTION>
        <ID>27</ID>
        <NUMBER>4</NUMBER>
        <SUMMARY></SUMMARY>
        <VISIBLE>1</VISIBLE>
      </SECTION>
      <SECTION>
        <ID>28</ID>
        <NUMBER>5</NUMBER>
        <SUMMARY></SUMMARY>
        <VISIBLE>1</VISIBLE>
      </SECTION>
      <SECTION>
        <ID>29</ID>
        <NUMBER>6</NUMBER>
        <SUMMARY></SUMMARY>
        <VISIBLE>1</VISIBLE>
      </SECTION>
      <SECTION>
        <ID>30</ID>
        <NUMBER>7</NUMBER>
        <SUMMARY></SUMMARY>
        <VISIBLE>1</VISIBLE>
      </SECTION>
      <SECTION>
        <ID>31</ID>
        <NUMBER>8</NUMBER>
        <SUMMARY></SUMMARY>
        <VISIBLE>1</VISIBLE>
      </SECTION>
      <SECTION>
        <ID>32</ID>
        <NUMBER>9</NUMBER>
        <SUMMARY></SUMMARY>
        <VISIBLE>1</VISIBLE>
      </SECTION>
      <SECTION>
        <ID>33</ID>
        <NUMBER>10</NUMBER>
        <SUMMARY></SUMMARY>
        <VISIBLE>1</VISIBLE>
      </SECTION>
    </SECTIONS>
    <USERS>
      <USER>
        <ID>2</ID>
        <AUTH>manual</AUTH>
        <GUID></GUID>
        <CONFIRMED>1</CONFIRMED>
        <POLICYAGREED>0</POLICYAGREED>
        <DELETED>0</DELETED>
        <USERNAME>admin</USERNAME>
        <PASSWORD>69bec4e79a8330b2842c2d4e25e03bd0</PASSWORD>
        <IDNUMBER></IDNUMBER>
        <FIRSTNAME>krishna</FIRSTNAME>
        <LASTNAME>yingrum</LASTNAME>
        <EMAIL>krishna.yingrum@bench.com</EMAIL>
        <EMAILSTOP>0</EMAILSTOP>
        <ICQ></ICQ>
        <SKYPE></SKYPE>
        <YAHOO></YAHOO>
        <AIM></AIM>
        <MSN></MSN>
        <PHONE1></PHONE1>
        <PHONE2></PHONE2>
        <INSTITUTION></INSTITUTION>
        <DEPARTMENT></DEPARTMENT>
        <ADDRESS></ADDRESS>
        <CITY>¹¤ÃÃÒªÊÕÁÒ</CITY>
        <COUNTRY>TH</COUNTRY>
        <LANG>th</LANG>
        <THEME></THEME>
        <TIMEZONE>99</TIMEZONE>
        <FIRSTACCESS>0</FIRSTACCESS>
        <LASTACCESS>1207885922</LASTACCESS>
        <LASTLOGIN>1207878236</LASTLOGIN>
        <CURRENTLOGIN>1207884302</CURRENTLOGIN>
        <LASTIP>167.67.150.62</LASTIP>
        <SECRET></SECRET>
        <PICTURE></PICTURE>
        <URL></URL>
        <DESCRIPTION></DESCRIPTION>
        <MAILFORMAT>1</MAILFORMAT>
        <MAILDIGEST>1</MAILDIGEST>
        <MAILDISPLAY>1</MAILDISPLAY>
        <HTMLEDITOR>1</HTMLEDITOR>
        <AUTOSUBSCRIBE>1</AUTOSUBSCRIBE>
        <TRACKFORUMS>0</TRACKFORUMS>
        <TIMEMODIFIED>1207629905</TIMEMODIFIED>
        <ROLES>
          <ROLE>
            <TYPE>admin</TYPE>
          </ROLE>
          <ROLE>
            <TYPE>teacher</TYPE>
            <AUTHORITY>1</AUTHORITY>
            <TEA_ROLE>ÍÒ¨ÒÃÂì</TEA_ROLE>
            <EDITALL>1</EDITALL>
            <TIMESTART>0</TIMESTART>
            <TIMEEND>0</TIMEEND>
            <TIMEMODIFIED>1207645429</TIMEMODIFIED>
            <TIMEACCESS>1207885922</TIMEACCESS>
            <ENROL></ENROL>
          </ROLE>
          <ROLE>
            <TYPE>needed</TYPE>
          </ROLE>
        </ROLES>
        <USER_PREFERENCES>
          <USER_PREFERENCE>
            <NAME>email_bounce_count</NAME>
            <VALUE>1</VALUE>
          </USER_PREFERENCE>
          <USER_PREFERENCE>
            <NAME>email_send_count</NAME>
            <VALUE>1</VALUE>
          </USER_PREFERENCE>
          <USER_PREFERENCE>
            <NAME>resource_parametersettingspref</NAME>
            <VALUE>0</VALUE>
          </USER_PREFERENCE>
          <USER_PREFERENCE>
            <NAME>resource_windowsettingspref</NAME>
            <VALUE>1</VALUE>
          </USER_PREFERENCE>
        </USER_PREFERENCES>
      </USER>
      <USER>
        <ID>4</ID>
        <AUTH>manual</AUTH>
        <GUID></GUID>
        <CONFIRMED>1</CONFIRMED>
        <POLICYAGREED>0</POLICYAGREED>
        <DELETED>0</DELETED>
        <USERNAME>temp2</USERNAME>
        <PASSWORD>e10adc3949ba59abbe56e057f20f883e</PASSWORD>
        <IDNUMBER></IDNUMBER>
        <FIRSTNAME>temp2</FIRSTNAME>
        <LASTNAME>korat</LASTNAME>
        <EMAIL>temp2@temp2.com</EMAIL>
        <EMAILSTOP>1</EMAILSTOP>
        <ICQ></ICQ>
        <SKYPE></SKYPE>
        <YAHOO></YAHOO>
        <AIM></AIM>
        <MSN></MSN>
        <PHONE1></PHONE1>
        <PHONE2></PHONE2>
        <INSTITUTION></INSTITUTION>
        <DEPARTMENT></DEPARTMENT>
        <ADDRESS></ADDRESS>
        <CITY>korat</CITY>
        <COUNTRY>TH</COUNTRY>
        <LANG>th</LANG>
        <THEME></THEME>
        <TIMEZONE>99</TIMEZONE>
        <FIRSTACCESS>0</FIRSTACCESS>
        <LASTACCESS>1207789183</LASTACCESS>
        <LASTLOGIN>1207723367</LASTLOGIN>
        <CURRENTLOGIN>1207789168</CURRENTLOGIN>
        <LASTIP>167.67.150.61</LASTIP>
        <SECRET></SECRET>
        <PICTURE></PICTURE>
        <URL></URL>
        <DESCRIPTION>korat</DESCRIPTION>
        <MAILFORMAT>1</MAILFORMAT>
        <MAILDIGEST>0</MAILDIGEST>
        <MAILDISPLAY>0</MAILDISPLAY>
        <HTMLEDITOR>1</HTMLEDITOR>
        <AUTOSUBSCRIBE>1</AUTOSUBSCRIBE>
        <TRACKFORUMS>0</TRACKFORUMS>
        <TIMEMODIFIED>1207641309</TIMEMODIFIED>
        <ROLES>
          <ROLE>
            <TYPE>student</TYPE>
            <TIMESTART>0</TIMESTART>
            <TIMEEND>0</TIMEEND>
            <TIME>1207647674</TIME>
            <TIMEACCESS>1207717251</TIMEACCESS>
            <ENROL>internal</ENROL>
          </ROLE>
          <ROLE>
            <TYPE>needed</TYPE>
          </ROLE>
        </ROLES>
        <USER_PREFERENCES>
          <USER_PREFERENCE>
            <NAME>email_bounce_count</NAME>
            <VALUE>0</VALUE>
          </USER_PREFERENCE>
          <USER_PREFERENCE>
            <NAME>email_send_count</NAME>
            <VALUE>0</VALUE>
          </USER_PREFERENCE>
        </USER_PREFERENCES>
      </USER>
      <USER>
        <ID>5</ID>
        <AUTH>manual</AUTH>
        <GUID></GUID>
        <CONFIRMED>1</CONFIRMED>
        <POLICYAGREED>0</POLICYAGREED>
        <DELETED>0</DELETED>
        <USERNAME>den</USERNAME>
        <PASSWORD>c499a157f236220c2a63362ce0ee882a</PASSWORD>
        <IDNUMBER></IDNUMBER>
        <FIRSTNAME>Den</FIRSTNAME>
        <LASTNAME>Sumleeklang</LASTNAME>
        <EMAIL>den.sumleeklang@bench.com</EMAIL>
        <EMAILSTOP>0</EMAILSTOP>
        <ICQ></ICQ>
        <SKYPE></SKYPE>
        <YAHOO></YAHOO>
        <AIM></AIM>
        <MSN></MSN>
        <PHONE1></PHONE1>
        <PHONE2></PHONE2>
        <INSTITUTION></INSTITUTION>
        <DEPARTMENT></DEPARTMENT>
        <ADDRESS></ADDRESS>
        <CITY>korat</CITY>
        <COUNTRY>TH</COUNTRY>
        <LANG>th</LANG>
        <THEME></THEME>
        <TIMEZONE>99</TIMEZONE>
        <FIRSTACCESS>0</FIRSTACCESS>
        <LASTACCESS>1207795850</LASTACCESS>
        <LASTLOGIN>1207725502</LASTLOGIN>
        <CURRENTLOGIN>1207795568</CURRENTLOGIN>
        <LASTIP>167.67.150.60</LASTIP>
        <SECRET></SECRET>
        <PICTURE></PICTURE>
        <URL></URL>
        <DESCRIPTION>MIS Technician</DESCRIPTION>
        <MAILFORMAT>1</MAILFORMAT>
        <MAILDIGEST>0</MAILDIGEST>
        <MAILDISPLAY>1</MAILDISPLAY>
        <HTMLEDITOR>1</HTMLEDITOR>
        <AUTOSUBSCRIBE>1</AUTOSUBSCRIBE>
        <TRACKFORUMS>0</TRACKFORUMS>
        <TIMEMODIFIED>1207709244</TIMEMODIFIED>
        <ROLES>
          <ROLE>
            <TYPE>coursecreator</TYPE>
          </ROLE>
          <ROLE>
            <TYPE>teacher</TYPE>
            <AUTHORITY>2</AUTHORITY>
            <TEA_ROLE>ÍÒ¨ÒÃÂì</TEA_ROLE>
            <EDITALL>1</EDITALL>
            <TIMESTART>0</TIMESTART>
            <TIMEEND>0</TIMEEND>
            <TIMEMODIFIED>1207706072</TIMEMODIFIED>
            <TIMEACCESS>1207723838</TIMEACCESS>
            <ENROL></ENROL>
          </ROLE>
          <ROLE>
            <TYPE>needed</TYPE>
          </ROLE>
        </ROLES>
        <USER_PREFERENCES>
          <USER_PREFERENCE>
            <NAME>email_bounce_count</NAME>
            <VALUE>0</VALUE>
          </USER_PREFERENCE>
          <USER_PREFERENCE>
            <NAME>email_send_count</NAME>
            <VALUE>0</VALUE>
          </USER_PREFERENCE>
        </USER_PREFERENCES>
      </USER>
    </USERS>
    <QUESTION_CATEGORIES>
      <QUESTION_CATEGORY>
        <ID>3</ID>
        <NAME>¤èÒ·ÕèµÑé§äÇé</NAME>
        <INFO>µÑé§¤èÒ»ÃÐàÀ· ãËéà»ç¹</INFO>
        <PUBLISH>0</PUBLISH>
        <STAMP>korat-lms+080408091656+r3h3jT</STAMP>
        <PARENT>0</PARENT>
        <SORTORDER>999</SORTORDER>
        <QUESTIONS>
          <QUESTION>
            <ID>6</ID>
            <PARENT>0</PARENT>
            <NAME>ÊèÇ¹·Õè 2</NAME>
            <QUESTIONTEXT>ÊèÇ¹·Õè 2</QUESTIONTEXT>
            <QUESTIONTEXTFORMAT>1</QUESTIONTEXTFORMAT>
            <IMAGE></IMAGE>
            <DEFAULTGRADE>1</DEFAULTGRADE>
            <PENALTY>1</PENALTY>
            <QTYPE>5</QTYPE>
            <LENGTH>1</LENGTH>
            <STAMP>korat-lms+080408093255+c10rlQ</STAMP>
            <VERSION>3</VERSION>
            <HIDDEN>0</HIDDEN>
            <MATCHS>
              <MATCH>
                <ID>22</ID>
                <QUESTIONTEXT>Exclude</QUESTIONTEXT>
                <ANSWERTEXT>E:Â¡àÇé¹</ANSWERTEXT>
              </MATCH>
              <MATCH>
                <ID>23</ID>
                <QUESTIONTEXT>Include</QUESTIONTEXT>
                <ANSWERTEXT>F:ÃÇÁäÇéã¹/¶Ù¡ÃÇÁäÇé/ÃÇÁ</ANSWERTEXT>
              </MATCH>
              <MATCH>
                <ID>24</ID>
                <QUESTIONTEXT>Expect</QUESTIONTEXT>
                <ANSWERTEXT>H:¤Ò´ËÇÑ§/¤Ò´ËÁÒÂ</ANSWERTEXT>
              </MATCH>
              <MATCH>
                <ID>25</ID>
                <QUESTIONTEXT>Accept</QUESTIONTEXT>
                <ANSWERTEXT>I:ÂÍÁÃÑº</ANSWERTEXT>
              </MATCH>
              <MATCH>
                <ID>26</ID>
                <QUESTIONTEXT>Most</QUESTIONTEXT>
                <ANSWERTEXT>G:ÊèÇ¹ãË­è/ÊèÇ¹ÁÒ¡</ANSWERTEXT>
              </MATCH>
              <MATCH>
                <ID>27</ID>
                <QUESTIONTEXT>Employee</QUESTIONTEXT>
                <ANSWERTEXT>T:ÅÙ¡¨éÒ§/¾¹Ñ¡§Ò¹</ANSWERTEXT>
              </MATCH>
              <MATCH>
                <ID>28</ID>
                <QUESTIONTEXT>Demand</QUESTIONTEXT>
                <ANSWERTEXT>J:¤ÇÒÁµéÍ§¡ÒÃ</ANSWERTEXT>
              </MATCH>
              <MATCH>
                <ID>29</ID>
                <QUESTIONTEXT>Position</QUESTIONTEXT>
                <ANSWERTEXT>K:µÓáË¹è§</ANSWERTEXT>
              </MATCH>
            </MATCHS>
          </QUESTION>
        </QUESTIONS>
      </QUESTION_CATEGORY>
      <QUESTION_CATEGORY>
        <ID>4</ID>
        <NAME>English</NAME>
        <INFO>English for MIS</INFO>
        <PUBLISH>0</PUBLISH>
        <STAMP>korat-lms+080408092105+wCjGyZ</STAMP>
        <PARENT>0</PARENT>
        <SORTORDER>999</SORTORDER>
        <QUESTIONS>
          <QUESTION>
            <ID>4</ID>
            <PARENT>0</PARENT>
            <NAME>¨Ñº¤ÙèËÁÒÂàÅ¢·Õè¶Ù¡µéÍ§ã¹º·¤ÇÒÁ</NAME>
            <QUESTIONTEXT></QUESTIONTEXT>
            <QUESTIONTEXTFORMAT>1</QUESTIONTEXTFORMAT>
            <IMAGE></IMAGE>
            <DEFAULTGRADE>1</DEFAULTGRADE>
            <PENALTY>0.1</PENALTY>
            <QTYPE>5</QTYPE>
            <LENGTH>1</LENGTH>
            <STAMP>korat-lms+080408092033+FdmHxc</STAMP>
            <VERSION>1</VERSION>
            <HIDDEN>0</HIDDEN>
            <MATCHS>
              <MATCH>
                <ID>4</ID>
                <QUESTIONTEXT>has</QUESTIONTEXT>
                <ANSWERTEXT>6</ANSWERTEXT>
              </MATCH>
              <MATCH>
                <ID>5</ID>
                <QUESTIONTEXT>issues</QUESTIONTEXT>
                <ANSWERTEXT>8</ANSWERTEXT>
              </MATCH>
              <MATCH>
                <ID>6</ID>
                <QUESTIONTEXT>believed</QUESTIONTEXT>
                <ANSWERTEXT>7</ANSWERTEXT>
              </MATCH>
              <MATCH>
                <ID>7</ID>
                <QUESTIONTEXT>displays</QUESTIONTEXT>
                <ANSWERTEXT>5</ANSWERTEXT>
              </MATCH>
              <MATCH>
                <ID>8</ID>
                <QUESTIONTEXT>made</QUESTIONTEXT>
                <ANSWERTEXT>3</ANSWERTEXT>
              </MATCH>
              <MATCH>
                <ID>9</ID>
                <QUESTIONTEXT>spreading</QUESTIONTEXT>
                <ANSWERTEXT>1</ANSWERTEXT>
              </MATCH>
              <MATCH>
                <ID>10</ID>
                <QUESTIONTEXT>affected</QUESTIONTEXT>
                <ANSWERTEXT>4</ANSWERTEXT>
              </MATCH>
              <MATCH>
                <ID>11</ID>
                <QUESTIONTEXT>announcement</QUESTIONTEXT>
                <ANSWERTEXT>2</ANSWERTEXT>
              </MATCH>
            </MATCHS>
          </QUESTION>
          <QUESTION>
            <ID>5</ID>
            <PARENT>0</PARENT>
            <NAME>¨Ñº¤Ùè¤ÓÈÑ¾·ìµÒÁ¤ÇÒÁËÁÒÂ</NAME>
            <QUESTIONTEXT>¨Ñº¤Ùè¤ÓÈÑ¾·ìµÒÁ¤ÇÒÁËÁÒÂ</QUESTIONTEXT>
            <QUESTIONTEXTFORMAT>1</QUESTIONTEXTFORMAT>
            <IMAGE></IMAGE>
            <DEFAULTGRADE>1</DEFAULTGRADE>
            <PENALTY>1</PENALTY>
            <QTYPE>5</QTYPE>
            <LENGTH>1</LENGTH>
            <STAMP>korat-lms+080408092931+Dwyf38</STAMP>
            <VERSION>2</VERSION>
            <HIDDEN>0</HIDDEN>
            <MATCHS>
              <MATCH>
                <ID>12</ID>
                <QUESTIONTEXT>Announcement</QUESTIONTEXT>
                <ANSWERTEXT>N : »ÃÐ¡ÒÈ</ANSWERTEXT>
              </MATCH>
              <MATCH>
                <ID>13</ID>
                <QUESTIONTEXT>Report</QUESTIONTEXT>
                <ANSWERTEXT>A: ÃÒÂ§Ò¹</ANSWERTEXT>
              </MATCH>
              <MATCH>
                <ID>14</ID>
                <QUESTIONTEXT>Text</QUESTIONTEXT>
                <ANSWERTEXT>B: ¢éÍ¤ÇÒÁ</ANSWERTEXT>
              </MATCH>
              <MATCH>
                <ID>15</ID>
                <QUESTIONTEXT>Believe</QUESTIONTEXT>
                <ANSWERTEXT>Q:àª×èÍ</ANSWERTEXT>
              </MATCH>
              <MATCH>
                <ID>16</ID>
                <QUESTIONTEXT>Spreading</QUESTIONTEXT>
                <ANSWERTEXT>P:¡ÒÃá¾Ãè¡ÃÐ¨ÒÂ	</ANSWERTEXT>
              </MATCH>
              <MATCH>
                <ID>17</ID>
                <QUESTIONTEXT>Affect</QUESTIONTEXT>
                <ANSWERTEXT>R:ÁÕ¼Å¡ÃÐ·º</ANSWERTEXT>
              </MATCH>
              <MATCH>
                <ID>18</ID>
                <QUESTIONTEXT>Contain</QUESTIONTEXT>
                <ANSWERTEXT>C:ºÃÃ¨Ø/àµçÁä»´éÇÂ</ANSWERTEXT>
              </MATCH>
              <MATCH>
                <ID>19</ID>
                <QUESTIONTEXT>Already</QUESTIONTEXT>
                <ANSWERTEXT>S:¾ÃéÍÁáÅéÇ/ÁÕÍÂÙëáÅéÇ</ANSWERTEXT>
              </MATCH>
              <MATCH>
                <ID>20</ID>
                <QUESTIONTEXT>Article</QUESTIONTEXT>
                <ANSWERTEXT>D:ËÑÇ¢éÍ/º·¤ÇÒÁ</ANSWERTEXT>
              </MATCH>
              <MATCH>
                <ID>21</ID>
                <QUESTIONTEXT>Need</QUESTIONTEXT>
                <ANSWERTEXT>J:¨Óà»ç¹/¤ÇÒÁ¨Óà»ç¹</ANSWERTEXT>
              </MATCH>
            </MATCHS>
          </QUESTION>
        </QUESTIONS>
      </QUESTION_CATEGORY>
    </QUESTION_CATEGORIES>
    <GROUPS>
      <GROUP>
        <ID>3</ID>
        <COURSEID>3</COURSEID>
        <NAME>MFG</NAME>
        <DESCRIPTION></DESCRIPTION>
        <PASSWORD></PASSWORD>
        <LANG>th</LANG>
        <THEME></THEME>
        <PICTURE>0</PICTURE>
        <HIDEPICTURE>0</HIDEPICTURE>
        <TIMECREATED>1207706032</TIMECREATED>
        <TIMEMODIFIED>0</TIMEMODIFIED>
      </GROUP>
    </GROUPS>
    <GRADEBOOK>
      <GRADE_PREFERENCES>
        <GRADE_PREFERENCE>
          <ID>2</ID>
          <PREFERENCE>0</PREFERENCE>
          <VALUE>0</VALUE>
        </GRADE_PREFERENCE>
      </GRADE_PREFERENCES>
      <GRADE_CATEGORIES>
        <GRADE_CATEGORY>
          <ID>2</ID>
          <NAME>uncategorised</NAME>
          <DROP_X_LOWEST>0</DROP_X_LOWEST>
          <BONUS_POINTS>0</BONUS_POINTS>
          <HIDDEN>0</HIDDEN>
          <WEIGHT>99.99</WEIGHT>
          <GRADE_ITEMS>
            <GRADE_ITEM>
              <MODULE_NAME>quiz</MODULE_NAME>
              <CMINSTANCE>2</CMINSTANCE>
              <SCALE_GRADE>1.0000000000</SCALE_GRADE>
              <EXTRA_CREDIT>0</EXTRA_CREDIT>
              <SORT_ORDER>0</SORT_ORDER>
            </GRADE_ITEM>
            <GRADE_ITEM>
              <MODULE_NAME>quiz</MODULE_NAME>
              <CMINSTANCE>3</CMINSTANCE>
              <SCALE_GRADE>1.0000000000</SCALE_GRADE>
              <EXTRA_CREDIT>0</EXTRA_CREDIT>
              <SORT_ORDER>1</SORT_ORDER>
            </GRADE_ITEM>
          </GRADE_ITEMS>
        </GRADE_CATEGORY>
      </GRADE_CATEGORIES>
    </GRADEBOOK>
    <MODULES>
      <MOD>
        <ID>5</ID>
        <MODTYPE>forum</MODTYPE>
        <TYPE>teacher</TYPE>
        <NAME>¡ÃÐ´Ò¹¤ÃÙÍÒ¨ÒÃÂì</NAME>
        <INTRO>¡ÃÐ´Ò¹ÊÓËÃÑº¤ÃÙà·èÒ¹Ñé¹ à¾×èÍ»ÃÖ¡ÉÒàÃ×èÍ§¡ÒÃàÃÕÂ¹¡ÒÃÊÍ¹</INTRO>
        <OPEN>2</OPEN>
        <ASSESSED>0</ASSESSED>
        <ASSESSPUBLIC>0</ASSESSPUBLIC>
        <ASSESSTIMESTART>0</ASSESSTIMESTART>
        <ASSESSTIMEFINISH>0</ASSESSTIMEFINISH>
        <MAXBYTES>0</MAXBYTES>
        <SCALE>0</SCALE>
        <FORCESUBSCRIBE>0</FORCESUBSCRIBE>
        <TRACKINGTYPE>1</TRACKINGTYPE>
        <RSSTYPE>0</RSSTYPE>
        <RSSARTICLES>0</RSSARTICLES>
        <TIMEMODIFIED>1207645440</TIMEMODIFIED>
      </MOD>
      <MOD>
        <ID>7</ID>
        <MODTYPE>forum</MODTYPE>
        <TYPE>news</TYPE>
        <NAME>¡ÃÐ´Ò¹¢èÒÇ</NAME>
        <INTRO>¢èÒÇáÅÐ»ÃÐ¡ÒÈ</INTRO>
        <OPEN>1</OPEN>
        <ASSESSED>0</ASSESSED>
        <ASSESSPUBLIC>0</ASSESSPUBLIC>
        <ASSESSTIMESTART>0</ASSESSTIMESTART>
        <ASSESSTIMEFINISH>0</ASSESSTIMEFINISH>
        <MAXBYTES>0</MAXBYTES>
        <SCALE>0</SCALE>
        <FORCESUBSCRIBE>1</FORCESUBSCRIBE>
        <TRACKINGTYPE>1</TRACKINGTYPE>
        <RSSTYPE>0</RSSTYPE>
        <RSSARTICLES>0</RSSARTICLES>
        <TIMEMODIFIED>1207646082</TIMEMODIFIED>
      </MOD>
      <MOD>
        <ID>2</ID>
        <MODTYPE>quiz</MODTYPE>
        <NAME>áºº·´ÊÍºÀÒÉÒÍÑ§¡ÄÉ Part I</NAME>
        <INTRO></INTRO>
        <TIMEOPEN>1207646100</TIMEOPEN>
        <TIMECLOSE>1270718100</TIMECLOSE>
        <OPTIONFLAGS>0</OPTIONFLAGS>
        <PENALTYSCHEME>0</PENALTYSCHEME>
        <ATTEMPTS_NUMBER>0</ATTEMPTS_NUMBER>
        <ATTEMPTONLAST>0</ATTEMPTONLAST>
        <GRADEMETHOD>1</GRADEMETHOD>
        <DECIMALPOINTS>0</DECIMALPOINTS>
        <REVIEW>0</REVIEW>
        <QUESTIONSPERPAGE>0</QUESTIONSPERPAGE>
        <SHUFFLEQUESTIONS>1</SHUFFLEQUESTIONS>
        <SHUFFLEANSWERS>1</SHUFFLEANSWERS>
        <QUESTIONS>4,0</QUESTIONS>
        <SUMGRADES>1</SUMGRADES>
        <GRADE>10</GRADE>
        <TIMECREATED>0</TIMECREATED>
        <TIMEMODIFIED>1207706349</TIMEMODIFIED>
        <TIMELIMIT>30</TIMELIMIT>
        <PASSWORD></PASSWORD>
        <SUBNET></SUBNET>
        <POPUP>0</POPUP>
        <QUESTION_INSTANCES>
          <QUESTION_INSTANCE>
            <ID>4</ID>
            <QUESTION>4</QUESTION>
            <GRADE>1</GRADE>
          </QUESTION_INSTANCE>
        </QUESTION_INSTANCES>
        <GRADES>
          <GRADE>
            <ID>8</ID>
            <USERID>4</USERID>
            <GRADEVAL>0</GRADEVAL>
            <TIMEMODIFIED>1207717224</TIMEMODIFIED>
          </GRADE>
        </GRADES>
        <ATTEMPTS>
          <ATTEMPT>
            <ID>23</ID>
            <USERID>4</USERID>
            <ATTEMPTNUM>1</ATTEMPTNUM>
            <SUMGRADES>0</SUMGRADES>
            <TIMESTART>1207702711</TIMESTART>
            <TIMEFINISH>1207707716</TIMEFINISH>
            <TIMEMODIFIED>1207707716</TIMEMODIFIED>
            <LAYOUT>4,0</LAYOUT>
            <PREVIEW>0</PREVIEW>
            <STATES>
              <STATE>
                <ID>103</ID>
                <QUESTION>4</QUESTION>
                <ORIGINALQUESTION>0</ORIGINALQUESTION>
                <SEQ_NUMBER>0</SEQ_NUMBER>
                <ANSWER>10-,8-,9-,7-,11-,6-,5-,4-</ANSWER>
                <TIMESTAMP>1207702711</TIMESTAMP>
                <EVENT>0</EVENT>
                <GRADE></GRADE>
                <RAW_GRADE></RAW_GRADE>
                <PENALTY></PENALTY>
              </STATE>
              <STATE>
                <ID>105</ID>
                <QUESTION>4</QUESTION>
                <ORIGINALQUESTION>0</ORIGINALQUESTION>
                <SEQ_NUMBER>1</SEQ_NUMBER>
                <ANSWER>4-0,5-0,6-0,7-0,8-0,9-0,10-0,11-0</ANSWER>
                <TIMESTAMP>1207707716</TIMESTAMP>
                <EVENT>6</EVENT>
                <GRADE>0</GRADE>
                <RAW_GRADE>0</RAW_GRADE>
                <PENALTY>0.1</PENALTY>
              </STATE>
            </STATES>
            <NEWEST_STATES>
              <NEWEST_STATE>
                <ID>49</ID>
                <QUESTIONID>4</QUESTIONID>
                <NEWEST>105</NEWEST>
                <NEWGRADED>105</NEWGRADED>
                <SUMPENALTY>0.0</SUMPENALTY>
              </NEWEST_STATE>
            </NEWEST_STATES>
          </ATTEMPT>
          <ATTEMPT>
            <ID>25</ID>
            <USERID>4</USERID>
            <ATTEMPTNUM>2</ATTEMPTNUM>
            <SUMGRADES>0</SUMGRADES>
            <TIMESTART>1207707725</TIMESTART>
            <TIMEFINISH>1207711427</TIMEFINISH>
            <TIMEMODIFIED>1207711427</TIMEMODIFIED>
            <LAYOUT>4,0</LAYOUT>
            <PREVIEW>0</PREVIEW>
            <STATES>
              <STATE>
                <ID>106</ID>
                <QUESTION>4</QUESTION>
                <ORIGINALQUESTION>0</ORIGINALQUESTION>
                <SEQ_NUMBER>0</SEQ_NUMBER>
                <ANSWER>5-,10-,11-,8-,9-,6-,7-,4-</ANSWER>
                <TIMESTAMP>1207707725</TIMESTAMP>
                <EVENT>0</EVENT>
                <GRADE></GRADE>
                <RAW_GRADE></RAW_GRADE>
                <PENALTY></PENALTY>
              </STATE>
              <STATE>
                <ID>107</ID>
                <QUESTION>4</QUESTION>
                <ORIGINALQUESTION>0</ORIGINALQUESTION>
                <SEQ_NUMBER>1</SEQ_NUMBER>
                <ANSWER>4-6,5-0,6-0,7-0,8-0,9-0,10-0,11-0</ANSWER>
                <TIMESTAMP>1207707899</TIMESTAMP>
                <EVENT>2</EVENT>
                <GRADE></GRADE>
                <RAW_GRADE>0</RAW_GRADE>
                <PENALTY>0.1</PENALTY>
              </STATE>
              <STATE>
                <ID>109</ID>
                <QUESTION>4</QUESTION>
                <ORIGINALQUESTION>0</ORIGINALQUESTION>
                <SEQ_NUMBER>2</SEQ_NUMBER>
                <ANSWER>4-6,5-0,6-0,7-0,8-0,9-0,10-0,11-0</ANSWER>
                <TIMESTAMP>1207711427</TIMESTAMP>
                <EVENT>6</EVENT>
                <GRADE>0</GRADE>
                <RAW_GRADE>0</RAW_GRADE>
                <PENALTY>0.1</PENALTY>
              </STATE>
            </STATES>
            <NEWEST_STATES>
              <NEWEST_STATE>
                <ID>51</ID>
                <QUESTIONID>4</QUESTIONID>
                <NEWEST>109</NEWEST>
                <NEWGRADED>109</NEWGRADED>
                <SUMPENALTY>0.0</SUMPENALTY>
              </NEWEST_STATE>
            </NEWEST_STATES>
          </ATTEMPT>
          <ATTEMPT>
            <ID>26</ID>
            <USERID>5</USERID>
            <ATTEMPTNUM>1</ATTEMPTNUM>
            <SUMGRADES>0</SUMGRADES>
            <TIMESTART>1207711040</TIMESTART>
            <TIMEFINISH>0</TIMEFINISH>
            <TIMEMODIFIED>1207711040</TIMEMODIFIED>
            <LAYOUT>4,0</LAYOUT>
            <PREVIEW>1</PREVIEW>
            <STATES>
              <STATE>
                <ID>108</ID>
                <QUESTION>4</QUESTION>
                <ORIGINALQUESTION>0</ORIGINALQUESTION>
                <SEQ_NUMBER>0</SEQ_NUMBER>
                <ANSWER>7-,10-,9-,4-,11-,8-,6-,5-</ANSWER>
                <TIMESTAMP>1207711040</TIMESTAMP>
                <EVENT>0</EVENT>
                <GRADE></GRADE>
                <RAW_GRADE></RAW_GRADE>
                <PENALTY></PENALTY>
              </STATE>
            </STATES>
            <NEWEST_STATES>
              <NEWEST_STATE>
                <ID>52</ID>
                <QUESTIONID>4</QUESTIONID>
                <NEWEST>108</NEWEST>
                <NEWGRADED>108</NEWGRADED>
                <SUMPENALTY>0.0</SUMPENALTY>
              </NEWEST_STATE>
            </NEWEST_STATES>
          </ATTEMPT>
          <ATTEMPT>
            <ID>28</ID>
            <USERID>4</USERID>
            <ATTEMPTNUM>3</ATTEMPTNUM>
            <SUMGRADES>0</SUMGRADES>
            <TIMESTART>1207711777</TIMESTART>
            <TIMEFINISH>1207717224</TIMEFINISH>
            <TIMEMODIFIED>1207717224</TIMEMODIFIED>
            <LAYOUT>4,0</LAYOUT>
            <PREVIEW>0</PREVIEW>
            <STATES>
              <STATE>
                <ID>116</ID>
                <QUESTION>4</QUESTION>
                <ORIGINALQUESTION>0</ORIGINALQUESTION>
                <SEQ_NUMBER>0</SEQ_NUMBER>
                <ANSWER>5-,4-,9-,8-,10-,11-,7-,6-</ANSWER>
                <TIMESTAMP>1207711777</TIMESTAMP>
                <EVENT>0</EVENT>
                <GRADE></GRADE>
                <RAW_GRADE></RAW_GRADE>
                <PENALTY></PENALTY>
              </STATE>
              <STATE>
                <ID>149</ID>
                <QUESTION>4</QUESTION>
                <ORIGINALQUESTION>0</ORIGINALQUESTION>
                <SEQ_NUMBER>1</SEQ_NUMBER>
                <ANSWER>4-0,5-0,6-0,7-0,8-0,9-0,10-0,11-0</ANSWER>
                <TIMESTAMP>1207717224</TIMESTAMP>
                <EVENT>6</EVENT>
                <GRADE>0</GRADE>
                <RAW_GRADE>0</RAW_GRADE>
                <PENALTY>0.1</PENALTY>
              </STATE>
            </STATES>
            <NEWEST_STATES>
              <NEWEST_STATE>
                <ID>55</ID>
                <QUESTIONID>4</QUESTIONID>
                <NEWEST>149</NEWEST>
                <NEWGRADED>149</NEWGRADED>
                <SUMPENALTY>0.0</SUMPENALTY>
              </NEWEST_STATE>
            </NEWEST_STATES>
          </ATTEMPT>
          <ATTEMPT>
            <ID>35</ID>
            <USERID>4</USERID>
            <ATTEMPTNUM>4</ATTEMPTNUM>
            <SUMGRADES>0</SUMGRADES>
            <TIMESTART>1207717231</TIMESTART>
            <TIMEFINISH>0</TIMEFINISH>
            <TIMEMODIFIED>1207717231</TIMEMODIFIED>
            <LAYOUT>4,0</LAYOUT>
            <PREVIEW>0</PREVIEW>
            <STATES>
              <STATE>
                <ID>150</ID>
                <QUESTION>4</QUESTION>
                <ORIGINALQUESTION>0</ORIGINALQUESTION>
                <SEQ_NUMBER>0</SEQ_NUMBER>
                <ANSWER>8-,10-,7-,5-,4-,11-,6-,9-</ANSWER>
                <TIMESTAMP>1207717231</TIMESTAMP>
                <EVENT>0</EVENT>
                <GRADE></GRADE>
                <RAW_GRADE></RAW_GRADE>
                <PENALTY></PENALTY>
              </STATE>
            </STATES>
            <NEWEST_STATES>
              <NEWEST_STATE>
                <ID>88</ID>
                <QUESTIONID>4</QUESTIONID>
                <NEWEST>150</NEWEST>
                <NEWGRADED>150</NEWGRADED>
                <SUMPENALTY>0.0</SUMPENALTY>
              </NEWEST_STATE>
            </NEWEST_STATES>
          </ATTEMPT>
        </ATTEMPTS>
      </MOD>
      <MOD>
        <ID>3</ID>
        <MODTYPE>quiz</MODTYPE>
        <NAME>áºº·´ÊÍºÀÒÉÒÍÑ§¡ÄÉ Part II</NAME>
        <INTRO>¨Ñº¤Ùè ¤ÓÈÑ¾·ìµÒÁ¤ÇÒÁËÁÒÂ</INTRO>
        <TIMEOPEN>1207646700</TIMEOPEN>
        <TIMECLOSE>1270718700</TIMECLOSE>
        <OPTIONFLAGS>0</OPTIONFLAGS>
        <PENALTYSCHEME>0</PENALTYSCHEME>
        <ATTEMPTS_NUMBER>0</ATTEMPTS_NUMBER>
        <ATTEMPTONLAST>0</ATTEMPTONLAST>
        <GRADEMETHOD>1</GRADEMETHOD>
        <DECIMALPOINTS>0</DECIMALPOINTS>
        <REVIEW>0</REVIEW>
        <QUESTIONSPERPAGE>20</QUESTIONSPERPAGE>
        <SHUFFLEQUESTIONS>0</SHUFFLEQUESTIONS>
        <SHUFFLEANSWERS>1</SHUFFLEANSWERS>
        <QUESTIONS>5,6,0</QUESTIONS>
        <SUMGRADES>2</SUMGRADES>
        <GRADE>18</GRADE>
        <TIMECREATED>0</TIMECREATED>
        <TIMEMODIFIED>1207646752</TIMEMODIFIED>
        <TIMELIMIT>0</TIMELIMIT>
        <PASSWORD></PASSWORD>
        <SUBNET></SUBNET>
        <POPUP>0</POPUP>
        <QUESTION_INSTANCES>
          <QUESTION_INSTANCE>
            <ID>5</ID>
            <QUESTION>5</QUESTION>
            <GRADE>1</GRADE>
          </QUESTION_INSTANCE>
          <QUESTION_INSTANCE>
            <ID>6</ID>
            <QUESTION>6</QUESTION>
            <GRADE>1</GRADE>
          </QUESTION_INSTANCE>
        </QUESTION_INSTANCES>
        <GRADES>
          <GRADE>
            <ID>9</ID>
            <USERID>4</USERID>
            <GRADEVAL>18</GRADEVAL>
            <TIMEMODIFIED>1207711633</TIMEMODIFIED>
          </GRADE>
        </GRADES>
        <ATTEMPTS>
          <ATTEMPT>
            <ID>22</ID>
            <USERID>2</USERID>
            <ATTEMPTNUM>1</ATTEMPTNUM>
            <SUMGRADES>0</SUMGRADES>
            <TIMESTART>1207648145</TIMESTART>
            <TIMEFINISH>0</TIMEFINISH>
            <TIMEMODIFIED>1207648145</TIMEMODIFIED>
            <LAYOUT>5,6,0</LAYOUT>
            <PREVIEW>1</PREVIEW>
            <STATES>
              <STATE>
                <ID>101</ID>
                <QUESTION>5</QUESTION>
                <ORIGINALQUESTION>0</ORIGINALQUESTION>
                <SEQ_NUMBER>0</SEQ_NUMBER>
                <ANSWER>16-,20-,15-,21-,14-,13-,17-,18-,19-,12-</ANSWER>
                <TIMESTAMP>1207648145</TIMESTAMP>
                <EVENT>0</EVENT>
                <GRADE></GRADE>
                <RAW_GRADE></RAW_GRADE>
                <PENALTY></PENALTY>
              </STATE>
              <STATE>
                <ID>102</ID>
                <QUESTION>6</QUESTION>
                <ORIGINALQUESTION>0</ORIGINALQUESTION>
                <SEQ_NUMBER>0</SEQ_NUMBER>
                <ANSWER>27-,26-,25-,24-,22-,23-,28-,29-</ANSWER>
                <TIMESTAMP>1207648145</TIMESTAMP>
                <EVENT>0</EVENT>
                <GRADE></GRADE>
                <RAW_GRADE></RAW_GRADE>
                <PENALTY></PENALTY>
              </STATE>
            </STATES>
            <NEWEST_STATES>
              <NEWEST_STATE>
                <ID>47</ID>
                <QUESTIONID>5</QUESTIONID>
                <NEWEST>101</NEWEST>
                <NEWGRADED>101</NEWGRADED>
                <SUMPENALTY>0.0</SUMPENALTY>
              </NEWEST_STATE>
              <NEWEST_STATE>
                <ID>48</ID>
                <QUESTIONID>6</QUESTIONID>
                <NEWEST>102</NEWEST>
                <NEWGRADED>102</NEWGRADED>
                <SUMPENALTY>0.0</SUMPENALTY>
              </NEWEST_STATE>
            </NEWEST_STATES>
          </ATTEMPT>
          <ATTEMPT>
            <ID>27</ID>
            <USERID>4</USERID>
            <ATTEMPTNUM>1</ATTEMPTNUM>
            <SUMGRADES>2</SUMGRADES>
            <TIMESTART>1207711464</TIMESTART>
            <TIMEFINISH>1207711633</TIMEFINISH>
            <TIMEMODIFIED>1207711633</TIMEMODIFIED>
            <LAYOUT>5,6,0</LAYOUT>
            <PREVIEW>0</PREVIEW>
            <STATES>
              <STATE>
                <ID>110</ID>
                <QUESTION>5</QUESTION>
                <ORIGINALQUESTION>0</ORIGINALQUESTION>
                <SEQ_NUMBER>0</SEQ_NUMBER>
                <ANSWER>17-,19-,15-,13-,14-,16-,12-,21-,18-,20-</ANSWER>
                <TIMESTAMP>1207711464</TIMESTAMP>
                <EVENT>0</EVENT>
                <GRADE></GRADE>
                <RAW_GRADE></RAW_GRADE>
                <PENALTY></PENALTY>
              </STATE>
              <STATE>
                <ID>111</ID>
                <QUESTION>6</QUESTION>
                <ORIGINALQUESTION>0</ORIGINALQUESTION>
                <SEQ_NUMBER>0</SEQ_NUMBER>
                <ANSWER>22-,24-,23-,29-,25-,27-,28-,26-</ANSWER>
                <TIMESTAMP>1207711464</TIMESTAMP>
                <EVENT>0</EVENT>
                <GRADE></GRADE>
                <RAW_GRADE></RAW_GRADE>
                <PENALTY></PENALTY>
              </STATE>
              <STATE>
                <ID>112</ID>
                <QUESTION>5</QUESTION>
                <ORIGINALQUESTION>0</ORIGINALQUESTION>
                <SEQ_NUMBER>1</SEQ_NUMBER>
                <ANSWER>12-12,13-13,14-14,15-15,16-16,17-17,18-18,19-19,20-20,21-21</ANSWER>
                <TIMESTAMP>1207711604</TIMESTAMP>
                <EVENT>2</EVENT>
                <GRADE></GRADE>
                <RAW_GRADE>1</RAW_GRADE>
                <PENALTY>1</PENALTY>
              </STATE>
              <STATE>
                <ID>113</ID>
                <QUESTION>6</QUESTION>
                <ORIGINALQUESTION>0</ORIGINALQUESTION>
                <SEQ_NUMBER>1</SEQ_NUMBER>
                <ANSWER>22-22,23-23,24-24,25-25,26-26,27-27,28-28,29-29</ANSWER>
                <TIMESTAMP>1207711604</TIMESTAMP>
                <EVENT>2</EVENT>
                <GRADE></GRADE>
                <RAW_GRADE>1</RAW_GRADE>
                <PENALTY>1</PENALTY>
              </STATE>
              <STATE>
                <ID>114</ID>
                <QUESTION>5</QUESTION>
                <ORIGINALQUESTION>0</ORIGINALQUESTION>
                <SEQ_NUMBER>2</SEQ_NUMBER>
                <ANSWER>12-12,13-13,14-14,15-15,16-16,17-17,18-18,19-19,20-20,21-21</ANSWER>
                <TIMESTAMP>1207711633</TIMESTAMP>
                <EVENT>6</EVENT>
                <GRADE>1</GRADE>
                <RAW_GRADE>1</RAW_GRADE>
                <PENALTY>1</PENALTY>
              </STATE>
              <STATE>
                <ID>115</ID>
                <QUESTION>6</QUESTION>
                <ORIGINALQUESTION>0</ORIGINALQUESTION>
                <SEQ_NUMBER>2</SEQ_NUMBER>
                <ANSWER>22-22,23-23,24-24,25-25,26-26,27-27,28-28,29-29</ANSWER>
                <TIMESTAMP>1207711633</TIMESTAMP>
                <EVENT>6</EVENT>
                <GRADE>1</GRADE>
                <RAW_GRADE>1</RAW_GRADE>
                <PENALTY>1</PENALTY>
              </STATE>
            </STATES>
            <NEWEST_STATES>
              <NEWEST_STATE>
                <ID>53</ID>
                <QUESTIONID>5</QUESTIONID>
                <NEWEST>114</NEWEST>
                <NEWGRADED>114</NEWGRADED>
                <SUMPENALTY>0.0</SUMPENALTY>
              </NEWEST_STATE>
              <NEWEST_STATE>
                <ID>54</ID>
                <QUESTIONID>6</QUESTIONID>
                <NEWEST>115</NEWEST>
                <NEWGRADED>115</NEWGRADED>
                <SUMPENALTY>0.0</SUMPENALTY>
              </NEWEST_STATE>
            </NEWEST_STATES>
          </ATTEMPT>
          <ATTEMPT>
            <ID>29</ID>
            <USERID>4</USERID>
            <ATTEMPTNUM>2</ATTEMPTNUM>
            <SUMGRADES>0</SUMGRADES>
            <TIMESTART>1207712056</TIMESTART>
            <TIMEFINISH>0</TIMEFINISH>
            <TIMEMODIFIED>1207712056</TIMEMODIFIED>
            <LAYOUT>5,6,0</LAYOUT>
            <PREVIEW>0</PREVIEW>
            <STATES>
              <STATE>
                <ID>117</ID>
                <QUESTION>5</QUESTION>
                <ORIGINALQUESTION>0</ORIGINALQUESTION>
                <SEQ_NUMBER>0</SEQ_NUMBER>
                <ANSWER>21-,15-,12-,19-,14-,20-,17-,18-,13-,16-</ANSWER>
                <TIMESTAMP>1207712056</TIMESTAMP>
                <EVENT>0</EVENT>
                <GRADE></GRADE>
                <RAW_GRADE></RAW_GRADE>
                <PENALTY></PENALTY>
              </STATE>
              <STATE>
                <ID>118</ID>
                <QUESTION>6</QUESTION>
                <ORIGINALQUESTION>0</ORIGINALQUESTION>
                <SEQ_NUMBER>0</SEQ_NUMBER>
                <ANSWER>23-,28-,26-,24-,27-,22-,29-,25-</ANSWER>
                <TIMESTAMP>1207712056</TIMESTAMP>
                <EVENT>0</EVENT>
                <GRADE></GRADE>
                <RAW_GRADE></RAW_GRADE>
                <PENALTY></PENALTY>
              </STATE>
            </STATES>
            <NEWEST_STATES>
              <NEWEST_STATE>
                <ID>56</ID>
                <QUESTIONID>5</QUESTIONID>
                <NEWEST>117</NEWEST>
                <NEWGRADED>117</NEWGRADED>
                <SUMPENALTY>0.0</SUMPENALTY>
              </NEWEST_STATE>
              <NEWEST_STATE>
                <ID>57</ID>
                <QUESTIONID>6</QUESTIONID>
                <NEWEST>118</NEWEST>
                <NEWGRADED>118</NEWGRADED>
                <SUMPENALTY>0.0</SUMPENALTY>
              </NEWEST_STATE>
            </NEWEST_STATES>
          </ATTEMPT>
        </ATTEMPTS>
      </MOD>
      <MOD>
        <ID>19</ID>
        <MODTYPE>resource</MODTYPE>
        <NAME>Part I ãËéàµÔÁÈÑ¾·ìã¹µÓáË¹è§·Õè¶Ù¡µéÍ§ ¨Ò¡º·¤ÇÒÁ</NAME>
        <TYPE>file</TYPE>
        <REFERENCE>Eng_PartI.pdf</REFERENCE>
        <SUMMARY>à´Ò¤ÇÒÁËÁÒÂÈÑ¾·ì ¨Ò¡º·¤ÇÒÁ áÅéÇãÊèËÁÒÂàÅ¢µÓáË¹è§ãËé¶Ù¡µéÍ§ </SUMMARY>
        <ALLTEXT></ALLTEXT>
        <POPUP>resizable=1,scrollbars=1,directories=1,location=1,menubar=1,toolbar=1,status=1,height=450,width=620</POPUP>
        <OPTIONS></OPTIONS>
        <TIMEMODIFIED>1207646125</TIMEMODIFIED>
      </MOD>
      <MOD>
        <ID>20</ID>
        <MODTYPE>resource</MODTYPE>
        <NAME>áºº·´ÊÍºÀÒÉÒÍÑ§¡ÄÉ Part II</NAME>
        <TYPE>file</TYPE>
        <REFERENCE>Eng_Part_II.pdf</REFERENCE>
        <SUMMARY>&lt;p&gt;¨Ñº¤Ùè ¤ÇÒÁËÁÒÂ¤ÓÈÑ¾·ìµèÍä»¹Õé&lt;/p&gt;</SUMMARY>
        <ALLTEXT></ALLTEXT>
        <POPUP>resizable=1,scrollbars=1,directories=1,location=1,menubar=1,toolbar=1,status=1,height=450,width=620</POPUP>
        <OPTIONS></OPTIONS>
        <TIMEMODIFIED>1207646673</TIMEMODIFIED>
      </MOD>
    </MODULES>
  </COURSE>
</MOODLE_BACKUP>
